Title,Date
"A,S,5",01.03.2022 19:00 GMT
"A,S,1",04.01.2022 19:00 GMT
"A,S,1",11.01.2022 19:00 GMT
"A,S,1",18.01.2022 19:00 GMT
"A,S,1",08.02.2022 19:00 GMT
"A,S,1",15.02.2022 19:00 GMT
"C,F,20",19.01.2022 19:00 GMT
"C,F,20",04.07.2022 19:00 BST
"C,F,8",12.09.2022 19:00 BST
"C,F,10",10.10.2022 19:00 BST
"C,F,8",16.11.2022 19:00 GMT
"K,K,10",20.01.2022 18:00 GMT
"K,K,10",09.06.2022 18:00 BST
"Z,N,1",11.01.2022 18:00 GMT
"Z,N,1",21.01.2022 18:00 GMT
"A,L,5",06.01.2022 19:00 GMT
"F,A,12",07.01.2022 19:00 GMT
"A,L,5",16.02.2022 19:00 GMT
"A,L,5",23.03.2022 19:00 GMT
"A,L,5",02.05.2022 19:00 BST
"A,L,5",07.06.2022 19:00 BST
"B,D,12",06.06.2022 18:00 BST
"S,B,1",14.01.2022 17:00 GMT
"C,O,1",01.07.2022 18:00 BST
"C,O,1",12.07.2022 18:00 BST
"C,O,1",30.07.2022 18:00 BST
"N,A,1",06.07.2022 14:00 BST
"D,M,1",03.02.2022 13:00 GMT
"D,M,5",04.05.2022 14:00 BST
"D,M,5",06.07.2022 13:00 BST
"D,M,8",11.10.2022 17:30 BST
"E,P,5",17.02.2022 14:30 GMT
"G,R,8",18.01.2022 18:00 GMT
"G,R,20",31.05.2022 19:00 BST
"R,J,8",24.01.2022 13:00 GMT
"R,J,8",05.04.2022 18:00 BST
"R,J,10",06.07.2022 18:00 BST
"T,J,5",17.01.2022 18:00 GMT
"T,J,5",20.06.2022 19:00 BST
"T,J,5",21.11.2022 18:30 GMT
"L,M,20",29.08.2022 14:30 BST
"B,D,20",05.09.2022 18:00 BST
"M,L,12",18.01.2022 13:15 GMT
"P,H,8",07.01.2022 18:00 GMT
"R,S,5",08.01.2022 14:30 GMT
"R,S,5",12.02.2022 13:30 GMT
"R,S,5",19.03.2022 14:30 GMT
"G,R,10",23.03.2022 18:00 GMT
"R,S,5",14.05.2022 14:30 BST
"R,S,5",01.10.2022 14:30 BST
"N,S,5",04.01.2022 17:00 GMT
"N,S,5",12.02.2022 12:00 GMT
"N,S,5",16.03.2022 13:00 GMT
"N,S,10",01.06.2022 13:00 BST
"P,S,1",05.05.2022 18:00 BST
"E,K,5",21.01.2022 18:00 GMT
"E,K,5",25.02.2022 18:00 GMT
"E,K,5",01.04.2022 18:00 BST
"E,K,5",06.05.2022 18:00 BST
"E,K,5",10.06.2022 18:00 BST
"E,K,5",19.07.2022 18:00 BST
"E,K,5",07.10.2022 18:00 BST
"E,K,5",18.11.2022 18:00 GMT
"E,K,5",23.12.2022 18:00 GMT
"I,L,5",07.01.2022 20:00 GMT
"A,A,8",03.11.2022 18:30 GMT
"A,A,20",10.02.2022 18:30 GMT
"R,S,5",05.11.2022 14:30 GMT
"Z,N,12",16.02.2022 20:00 GMT
"Z,N,10",04.04.2022 18:00 BST
"Z,N,12",08.08.2022 19:00 BST
"Z,N,5",01.12.2022 18:00 GMT
"Y,N,5",28.02.2022 18:30 GMT
"Y,N,5",30.03.2022 18:30 BST
"Y,N,5",03.05.2022 18:30 BST
"Y,N,5",01.06.2022 18:30 BST
"Z,N,10",01.06.2022 19:30 BST
"Z,N,10",04.07.2022 20:00 BST
"Y,N,5",04.07.2022 18:00 BST
"Y,N,5",30.08.2022 18:00 BST
"Y,N,5",03.10.2022 18:00 BST
"Y,N,5",29.11.2022 18:00 GMT
"W,N,12",14.02.2022 17:00 GMT
"W,N,12",02.05.2022 17:00 BST
"W,N,12",02.08.2022 17:00 BST
"W,N,10",31.10.2022 17:00 GMT
"V,A,12",04.02.2022 18:00 GMT
"V,A,8",02.11.2022 18:00 GMT
"V,A,20",27.05.2022 18:00 BST
"S,M,10",02.02.2022 18:00 GMT
"N,V,12",18.02.2022 17:00 GMT
"D,F,12",18.02.2022 18:00 GMT
"D,F,20",30.05.2022 17:30 BST
"D,F,10",25.10.2022 18:30 BST
"J,P,10",02.02.2022 17:30 GMT
"D,M,10",16.02.2022 17:30 GMT
"X,N,23",02.02.2022 20:00 GMT
"P,O,10",01.02.2022 17:30 GMT
"F,N,8",01.02.2022 18:30 GMT
"F,N,8",29.03.2022 18:30 BST
"Z,Y,10",03.02.2022 18:00 GMT
"B,D,20",04.01.2022 18:00 GMT
"C,D,1",11.03.2022 17:00 GMT
"C,D,1",25.03.2022 17:00 GMT
"C,D,1",06.05.2022 18:45 BST
"C,D,1",20.06.2022 18:45 BST
"C,D,1",18.07.2022 18:45 BST
"C,D,1",10.08.2022 17:00 BST
"C,D,1",02.09.2022 17:00 BST
"C,D,1",14.10.2022 17:00 BST
"C,D,1",09.11.2022 17:00 GMT
"C,D,1",17.12.2022 17:00 GMT
Castle Yoga - Retreat - 12 Slots,17.06.2022
"R,N,5",01.03.2022 16:30 GMT
"R,N,5",09.05.2022 17:00 BST
"R,N,5",19.07.2022 17:30 BST
"R,N,5",06.10.2022 16:30 BST
"Z,V,8",30.03.2022 19:30 BST
"N,N,8",11.03.2022 19:00 GMT
